"Pathway","Adjusted_Pvalue","Genes"
"mitochondrial protein-containing complex",8.29314615323432e-19,"APOO/AURKAIP1/DNAJC19/GADD45GIP1/ISCA2/MCUB/MICOS13/MPV17L2/MRPL10/MRPL11/MRPL12/MRPL13/MRPL14/MRPL15/MRPL17/MRPL18/MRPL21/MRPL34/MRPL35/MRPL36/MRPL37/MRPL39/MRPL40/MRPL41/MRPL43/MRPL50/MRPL55/MRPL57/MRPL58/MRPS11/MRPS12/MRPS14/MRPS17/MRPS18A/MRPS18B/MRPS2/MRPS23/MRPS26/MRPS30/MRPS34/MRPS6/MRPS7/MTX2/NDUFAB1/PNPT1/POLRMT/ROMO1/SAMM50/TIMM13/TIMM21/TIMM22/TIMM23/TIMM8B/TRMT10C"
"organellar ribosome",2.15556182832301e-18,"AURKAIP1/GADD45GIP1/MPV17L2/MRPL10/MRPL11/MRPL12/MRPL13/MRPL14/MRPL15/MRPL17/MRPL18/MRPL21/MRPL34/MRPL35/MRPL36/MRPL37/MRPL39/MRPL40/MRPL41/MRPL43/MRPL50/MRPL55/MRPL57/MRPL58/MRPS11/MRPS12/MRPS14/MRPS17/MRPS18A/MRPS18B/MRPS2/MRPS23/MRPS26/MRPS30/MRPS34/MRPS6/MRPS7"
"mitochondrial ribosome",2.15556182832301e-18,"AURKAIP1/GADD45GIP1/MPV17L2/MRPL10/MRPL11/MRPL12/MRPL13/MRPL14/MRPL15/MRPL17/MRPL18/MRPL21/MRPL34/MRPL35/MRPL36/MRPL37/MRPL39/MRPL40/MRPL41/MRPL43/MRPL50/MRPL55/MRPL57/MRPL58/MRPS11/MRPS12/MRPS14/MRPS17/MRPS18A/MRPS18B/MRPS2/MRPS23/MRPS26/MRPS30/MRPS34/MRPS6/MRPS7"
"organellar large ribosomal subunit",4.38144456500993e-13,"GADD45GIP1/MPV17L2/MRPL10/MRPL11/MRPL12/MRPL13/MRPL14/MRPL15/MRPL17/MRPL18/MRPL21/MRPL34/MRPL35/MRPL36/MRPL37/MRPL39/MRPL40/MRPL41/MRPL43/MRPL50/MRPL55/MRPL57/MRPL58/MRPS18A/MRPS30"
"mitochondrial large ribosomal subunit",4.38144456500993e-13,"GADD45GIP1/MPV17L2/MRPL10/MRPL11/MRPL12/MRPL13/MRPL14/MRPL15/MRPL17/MRPL18/MRPL21/MRPL34/MRPL35/MRPL36/MRPL37/MRPL39/MRPL40/MRPL41/MRPL43/MRPL50/MRPL55/MRPL57/MRPL58/MRPS18A/MRPS30"
"ribosomal subunit",7.50354341529461e-08,"AURKAIP1/GADD45GIP1/MPV17L2/MRPL10/MRPL11/MRPL12/MRPL13/MRPL14/MRPL15/MRPL17/MRPL18/MRPL21/MRPL34/MRPL35/MRPL36/MRPL37/MRPL39/MRPL40/MRPL41/MRPL43/MRPL50/MRPL55/MRPL57/MRPL58/MRPS11/MRPS12/MRPS14/MRPS17/MRPS18A/MRPS18B/MRPS2/MRPS23/MRPS26/MRPS30/MRPS34/MRPS6/MRPS7/ZCCHC17"
"T cell receptor complex",4.62061250100415e-07,"CD3D/CD3G/CD8A/CD8B/TRAC/TRAV14DV4/TRAV19/TRAV22/TRAV29DV5/TRAV34/TRAV38-1/TRAV8-2/TRAV8-4/TRAV8-6/TRBC1/TRBC2/TRBJ2-5/TRBJ2-6/TRBJ2-7/TRBV11-2/TRBV11-3/TRBV13/TRBV30/TRBV4-1/TRBV4-2/TRBV5-3/TRBV5-6/TRBV7-9/TRBV9/TRGC2/TRGV11/TRGV2"
"ribosome",1.80599023131756e-06,"AURKAIP1/GADD45GIP1/MPV17L2/MRPL10/MRPL11/MRPL12/MRPL13/MRPL14/MRPL15/MRPL17/MRPL18/MRPL21/MRPL34/MRPL35/MRPL36/MRPL37/MRPL39/MRPL40/MRPL41/MRPL43/MRPL50/MRPL55/MRPL57/MRPL58/MRPS11/MRPS12/MRPS14/MRPS17/MRPS18A/MRPS18B/MRPS2/MRPS23/MRPS26/MRPS30/MRPS34/MRPS6/MRPS7/PELO/PNPT1/RNF14/RNF25/ZCCHC17"
"large ribosomal subunit",2.29903629536722e-06,"GADD45GIP1/MPV17L2/MRPL10/MRPL11/MRPL12/MRPL13/MRPL14/MRPL15/MRPL17/MRPL18/MRPL21/MRPL34/MRPL35/MRPL36/MRPL37/MRPL39/MRPL40/MRPL41/MRPL43/MRPL50/MRPL55/MRPL57/MRPL58/MRPS18A/MRPS30/ZCCHC17"
"organellar small ribosomal subunit",3.55772958090368e-06,"AURKAIP1/MRPS11/MRPS12/MRPS14/MRPS17/MRPS18A/MRPS18B/MRPS2/MRPS23/MRPS26/MRPS34/MRPS6/MRPS7"
"mitochondrial small ribosomal subunit",3.55772958090368e-06,"AURKAIP1/MRPS11/MRPS12/MRPS14/MRPS17/MRPS18A/MRPS18B/MRPS2/MRPS23/MRPS26/MRPS34/MRPS6/MRPS7"
"respiratory chain complex",1.39856873493587e-05,"ATP5F1B/ATP5F1D/ATP5MC3/ATP5ME/ATP5PF/COX5A/COX5B/COX6A1/CYC1/MTCO2P12/NDUFA8/NDUFAB1/NDUFB10/NDUFB11/NDUFB5/NDUFB7/NDUFC1/NDUFC2/NDUFS7/NDUFS8/SDHD/UQCR10/UQCRFS1/UQCRQ"
"oxidoreductase complex",0.000133771087278666,"COX5A/COX5B/COX6A1/CYB5B/CYC1/DLAT/HSD17B8/LDHA/LDHB/MTCO2P12/NDUFA8/NDUFAB1/NDUFB10/NDUFB11/NDUFB5/NDUFB7/NDUFC1/NDUFC2/NDUFS7/NDUFS8/PDHB/PDK2/RRM1/SDHD/UQCR10/UQCRFS1/UQCRQ"
"ribonuclease P complex",0.000658734475776324,"POP4/POP5/POP7/RPP25/RPP38/RPP40/TRMT10C"
"multimeric ribonuclease P complex",0.000672051982626596,"POP4/POP5/POP7/RPP25/RPP38/RPP40"
"mitochondrial intermembrane space",0.00069620700061447,"ARL2/ARL2BP/CHCHD4/CHCHD5/COA6/COX5A/COX6C/NDUFA8/NDUFB7/NME4/PNPT1/SDHAF3/SOD1/STOML2/TIMM13/TIMM21/TIMM23/TIMM8B"
"organelle envelope lumen",0.00101914866563951,"ARL2/ARL2BP/CACYBP/CHCHD4/CHCHD5/COA6/COX5A/COX6C/NDUFA8/NDUFB7/NME4/PNPT1/SDHAF3/SOD1/STOML2/TIMM13/TIMM21/TIMM23/TIMM8B"
"endonuclease complex",0.00133992242515435,"MUS81/POP4/POP5/POP7/RPP25/RPP25L/RPP38/RPP40/TARBP2/TRMT10C/WDR18"
"endoribonuclease complex",0.00192395065429761,"POP4/POP5/POP7/RPP25/RPP25L/RPP38/RPP40/TARBP2/TRMT10C/WDR18"
"sno(s)RNA-containing ribonucleoprotein complex",0.00197843280214835,"NHP2/POP4/POP5/POP7/RPP25/RPP25L/RPP38/RPP40/SNRNP40"
"replisome",0.00363239202776809,"MCM3/PCNA/PLRG1/POLD1/RPA2/RPA3/SMARCAL1/TONSL"
"plasma membrane signaling receptor complex",0.00569790652373264,"ABHD6/CD3D/CD3G/CD8A/CD8B/CHRNA5/CHRNA6/CHRNB1/ERBB3/ITGAE/TMIGD2/TRAC/TRAF2/TRAV14DV4/TRAV19/TRAV22/TRAV29DV5/TRAV34/TRAV38-1/TRAV8-2/TRAV8-4/TRAV8-6/TRBC1/TRBC2/TRBJ2-5/TRBJ2-6/TRBJ2-7/TRBV11-2/TRBV11-3/TRBV13/TRBV30/TRBV4-1/TRBV4-2/TRBV5-3/TRBV5-6/TRBV7-9/TRBV9/TRGC2/TRGV11/TRGV2"
"nuclear replication fork",0.00879775095496273,"CAMSAP3/MCM3/MUS81/PCNA/PLRG1/POLD1/RPA2/RPA3/SMARCAL1/TONSL"
"nuclear replisome",0.0115393919514461,"MCM3/PLRG1/POLD1/RPA2/RPA3/SMARCAL1/TONSL"
"replication fork",0.0115393919514461,"CAMSAP3/H2AX/MCM3/MUS81/PCNA/PLRG1/POLD1/RAD51B/RAD51C/RFC4/RPA2/RPA3/SMARCAL1/TONSL"
"NADH dehydrogenase complex",0.0166509249354262,"NDUFA8/NDUFAB1/NDUFB10/NDUFB11/NDUFB5/NDUFB7/NDUFC1/NDUFC2/NDUFS7/NDUFS8"
"respiratory chain complex I",0.0166509249354262,"NDUFA8/NDUFAB1/NDUFB10/NDUFB11/NDUFB5/NDUFB7/NDUFC1/NDUFC2/NDUFS7/NDUFS8"
"alpha-beta T cell receptor complex",0.017049197373416,"CD3D/CD3G/TRAC/TRBC1/TRBC2"
"DNA replication factor A complex",0.0252630393118314,"PLRG1/RPA2/RPA3/SMARCAL1/TONSL"
"SMN-Sm protein complex",0.0255462883778981,"GEMIN2/GEMIN4/GEMIN5/GEMIN6/SNRPB/SNRPG"
"SCF ubiquitin ligase complex",0.025684982299669,"CACYBP/CCNF/DMAC2/FBXL14/FBXL15/FBXL6/FBXO6/FBXW5/RBX1/SPSB1/SPSB2/SPSB3"
"small ribosomal subunit",0.025684982299669,"AURKAIP1/MRPS11/MRPS12/MRPS14/MRPS17/MRPS18A/MRPS18B/MRPS2/MRPS23/MRPS26/MRPS34/MRPS6/MRPS7"
"90S preribosome",0.026074280519173,"BOP1/IMP3/IMP4/NOC4L/RRP7A/TBL3/UTP18"
"BLOC complex",0.0295037188429064,"BLOC1S4/BLOC1S5/DTNBP1/HPS6/SNAP47/SNAPIN"
"dynein axonemal particle",0.0295037188429064,"DNAAF2/DNAI4/RUVBL1/RUVBL2/STIP1/WDR18"
"protein folding chaperone complex",0.0300566275373103,"CCT4/DNAAF2/DNAJC9/PFDN2/RUVBL1/RUVBL2/SDF2L1/STIP1/STUB1"
"organelle outer membrane",0.032404164276557,"APOO/ARMC1/BAD/CISD1/CISD2/COX14/CPTP/CYB5A/CYB5B/DHCR7/EXD2/MAOA/MGST3/MICOS13/MIEF2/MTCH2/MTERF3/MTX2/NME3/NUTF2/RHOD/RHOT2/SAMM50/SIGMAR1/SLC29A3/STARD7/TMEM109/TMEM53/TSPO/VAT1"
"inner mitochondrial membrane protein complex",0.0327377827221569,"APOO/DNAJC19/MCUB/MICOS13/MTX2/ROMO1/SAMM50/TIMM21/TIMM22/TIMM23"
"outer membrane",0.0347188446359696,"APOO/ARMC1/BAD/CISD1/CISD2/COX14/CPTP/CYB5A/CYB5B/DHCR7/EXD2/MAOA/MGST3/MICOS13/MIEF2/MTCH2/MTERF3/MTX2/NME3/NUTF2/RHOD/RHOT2/SAMM50/SIGMAR1/SLC29A3/STARD7/TMEM109/TMEM53/TSPO/VAT1"
"BLOC-1 complex",0.0381309555645147,"BLOC1S4/BLOC1S5/DTNBP1/SNAP47/SNAPIN"
"cytochrome complex",0.0628072990870322,"COX5A/COX5B/COX6A1/CYC1/MTCO2P12/UQCR10/UQCRFS1/UQCRQ"
"nucleoid",0.0637350484914447,"ATP5F1B/DDX28/DHX30/DNAJA3/MPG/MTNAP1/POLRMT/TFB1M/TRMT10C"
"mitochondrial nucleoid",0.0637350484914447,"ATP5F1B/DDX28/DHX30/DNAJA3/MPG/MTNAP1/POLRMT/TFB1M/TRMT10C"
"ciliary tip",0.0637350484914447,"DYNC2I2/DYNC2LI1/DYNLL1/IFT22/IFT43/IFT52/IFT74/IFT81/KIFAP3"
"peroxisome",0.0637350484914447,"AOC1/ECH1/ECI2/EHHADH/HACL1/HMGCL/IDH2/ISOC1/PEX10/PEX11A/PEX11B/PEX12/PEX3/PEX7/PHYH/PLAAT3/POMC/SLC27A2/SOD1"
"microbody",0.0637350484914447,"AOC1/ECH1/ECI2/EHHADH/HACL1/HMGCL/IDH2/ISOC1/PEX10/PEX11A/PEX11B/PEX12/PEX3/PEX7/PHYH/PLAAT3/POMC/SLC27A2/SOD1"
"SMN complex",0.0637350484914447,"GEMIN2/GEMIN4/GEMIN5/GEMIN6"
"nuclear chromosome",0.0704725401272551,"ACTL6A/ACTR6/CAMSAP3/H2AX/KIFAP3/LRIF1/MCM3/MCM6/MUS81/NCAPH/ORC5/P3H4/PCNA/PINX1/PLRG1/POLD1/POLE4/RPA2/RPA3/RUVBL1/RUVBL2/SFR1/SMARCAL1/SUV39H1/SWI5/TONSL/TUBG1"
"proton-transporting two-sector ATPase complex",0.0763078837516907,"ATP5F1B/ATP5F1D/ATP5MC3/ATP5ME/ATP5PF/ATP6V0A4/ATP6V0E2/ATP6V1F/CCDC115"
"respiratory chain complex III",0.0831958411776543,"CYC1/UQCR10/UQCRFS1/UQCRQ"
"Gemini of coiled bodies",0.0831958411776543,"GEMIN2/GEMIN4/GEMIN5/GEMIN6"
"core mediator complex",0.0831958411776543,"MED16/MED19/MED20/MED27/MED7/MED8"
"centriole",0.0862553135831471,"ATXN10/AURKA/CBY1/CCDC92/CCNF/CETN3/DYNC2I2/HYLS1/IFT43/IFT52/IFT81/MKS1/NEDD1/NUBP2/POC5/PPP1R35/RAN/SSNA1/TUBD1/TUBG1"
"iron-sulfur cluster assembly complex",0.0871820427790811,"BOLA1/CIAO3/GLRX5/ISCA2/NDUFAB1"
"SAM complex",0.103927987024355,"APOO/MICOS13/MTX2/SAMM50"
"MIB complex",0.103927987024355,"APOO/MICOS13/MTX2/SAMM50"
"COP9 signalosome",0.105982686391474,"COPS4/COPS7A/COPS9/DYNLL1/GPS1/GRAP/NCKIPSD"
"proton-transporting two-sector ATPase complex, proton-transporting domain",0.12475906409912,"ATP5MC3/ATP5ME/ATP5PF/ATP6V0A4/ATP6V0E2"
"proton-transporting ATP synthase complex",0.12475906409912,"ATP5F1B/ATP5F1D/ATP5MC3/ATP5ME/ATP5PF"
"multivesicular body membrane",0.12509552950854,"ATP13A2/CHMP4C/CHMP6/LAPTM4B/NSG1/TMEM9"
"protein-DNA complex",0.126607619510811,"ACD/ACTL6A/ACTR6/H1-10/H1-3/H1-4/H2AC20/H2AC7/H2AX/H4C3/MCM3/MCM6/MEAF6/MRGBP/PCNA/PLRG1/POLD1/RPA2/RPA3/RUVBL1/RUVBL2/SMARCAL1/TINF2/TONSL/VPS72/WDR18"
"nuclear outer membrane",0.167251334071658,"CPTP/DHCR7/NUTF2/SIGMAR1/TMEM109/TMEM53"
"mitochondrial outer membrane",0.168488636260553,"APOO/ARMC1/BAD/CISD1/CISD2/COX14/CYB5A/CYB5B/EXD2/MAOA/MGST3/MICOS13/MIEF2/MTCH2/MTERF3/MTX2/NME3/RHOD/RHOT2/SAMM50/SLC29A3/STARD7/TSPO/VAT1"
"cytoplasmic dynein complex",0.169997974955065,"DYNC2I2/DYNC2LI1/DYNLL1/DYNLT3/SNX4"
"NuA4 histone acetyltransferase complex",0.182590011689437,"ACTL6A/MEAF6/MRGBP/RUVBL1/RUVBL2/VPS72"
"H4/H2A histone acetyltransferase complex",0.182590011689437,"ACTL6A/MEAF6/MRGBP/RUVBL1/RUVBL2/VPS72"
"TIM23 mitochondrial import inner membrane translocase complex",0.187962042456279,"DNAJC19/ROMO1/TIMM21/TIMM23"
"transcription elongation factor complex",0.191669461699998,"CTR9/ELP4/LEO1/NELFA/NELFCD/SKIC8/TCEA2/TONSL"
"DNA-directed RNA polymerase complex",0.202304857526223,"CTR9/GTF2A2/GTF2E1/GTF2E2/LEO1/MCM3/MNAT1/POLR1B/POLR1H/POLR2I/POLR2L/POLR3K/POLRMT/SKIC8"
"peroxisomal matrix",0.204488640199233,"ECH1/ECI2/EHHADH/HACL1/HMGCL/PEX7/PHYH/POMC"
"microbody lumen",0.204488640199233,"ECH1/ECI2/EHHADH/HACL1/HMGCL/PEX7/PHYH/POMC"
"midbody",0.2076061145631,"ANKRD54/ARL2BP/ATXN10/AURKA/CCDC124/CHMP4C/CHMP6/DTNBP1/EXOC2/FAM50B/JTB/KATNB1/KEAP1/MPLKIP/NUDC/RALA/RAN/RNF8/SCCPDH/SSNA1/TTLL12/TXNDC9"
"manchette",0.2076061145631,"MEIG1/RAN/RIMBP3/RIMBP3B/SNAPIN"
"intraciliary transport particle",0.2076061145631,"IFT22/IFT43/IFT52/IFT74/IFT81"
"chromosomal region",0.213571054662646,"ACD/ACTL6A/AURKA/BUB3/CENPH/CENPM/CENPQ/CENPS/CHMP4C/CHMP6/DAXX/DYNLL1/DYNLT3/H2AX/H4C3/KDM4D/LRIF1/MCM3/MCM6/MEAF6/MEN1/MIS18A/MSH2/NHP2/NSMCE4A/NUP37/ORC5/PCNA/PINX1/POLD1/PPP2R1A/RNF8/RPA2/SUV39H1/TELO2/THOC3/TINF2/ZW10"
"chromosome, telomeric region",0.213571054662646,"ACD/H2AX/H4C3/LRIF1/MCM3/MCM6/MEN1/MSH2/NHP2/NSMCE4A/ORC5/PCNA/PINX1/POLD1/RNF8/RPA2/TELO2/THOC3/TINF2"
"RNA polymerase complex",0.219064076303925,"CTR9/GTF2A2/GTF2E1/GTF2E2/LEO1/MCM3/MNAT1/POLR1B/POLR1H/POLR2I/POLR2L/POLR3K/POLRMT/SKIC8"
"preribosome",0.219064076303925,"BOP1/DIMT1/EBNA1BP2/IMP3/IMP4/NOC4L/RIOK2/RRP1/RRP7A/TBL3/UTP11/UTP18/ZNF622"
"intraciliary transport particle B",0.240696499521571,"IFT22/IFT52/IFT74/IFT81"
"MCM complex",0.266850410246577,"MCM3/MCM6/TONSL"
"microvesicle",0.266850410246577,"BLOC1S5/DEFB1/SNAPIN"
"gamma-tubulin complex",0.273430372925142,"MZT2A/MZT2B/NME7/TUBG1"
"inner kinetochore",0.273430372925142,"CENPH/CENPM/CENPQ/CENPS"
"ciliary basal body",0.273430372925142,"ATXN10/AURKA/CAMSAP3/CBY1/CCDC61/CETN3/DYNC2I2/DYNC2LI1/EZR/IFT52/IFT81/KIFAP3/MKKS/MKS1/NEDD1/NME3/SSNA1/TTLL1/TUBG1"
"mediator complex",0.273430372925142,"MED16/MED19/MED20/MED27/MED7/MED8"
"nuclear DNA-directed RNA polymerase complex",0.275848410739338,"CTR9/GTF2A2/GTF2E1/GTF2E2/LEO1/MCM3/MNAT1/POLR1B/POLR1H/POLR2I/POLR2L/POLR3K/SKIC8"
"RPAP3/R2TP/prefoldin-like complex",0.312544148703457,"PFDN2/RUVBL1/RUVBL2"
"mRNA cleavage factor complex",0.312544148703457,"CPSF3/CPSF4L/CSTF1/CSTF2/TUT1"
"U2-type catalytic step 2 spliceosome",0.350934922048373,"PLRG1/PPIL1/SNRNP40/SNRPB/SNRPG"
"kinetochore microtubule",0.352094032306559,"BBLN/CHMP4C/CHMP6/ZW10"
"Swr1 complex",0.352876390443702,"ACTR6/RUVBL1/RUVBL2"
"U4 snRNP",0.352876390443702,"PRPF31/SNRPB/SNRPG"
"RNA polymerase I complex",0.352876390443702,"POLR1B/POLR1H/POLR2L"
"methylosome",0.352876390443702,"PRMT1/SNRPB/SNRPG"
"MKS complex",0.352876390443702,"MKS1/TMEM107/TMEM216"
"Fanconi anaemia nuclear complex",0.352876390443702,"CENPS/FANCE/FANCF"
"MLL1 complex",0.363355089757831,"DPY30/MEN1/PRPF31/RUVBL1/RUVBL2"
"mitochondrial outer membrane translocase complex",0.374786982683883,"APOO/MICOS13/MTX2/SAMM50"
"nuclear envelope",0.388927745155271,"ATRAID/CACYBP/CDK4/CETN3/CHMP4C/CHMP6/CPTP/DHCR7/DUSP2/EBP/GATA6/GCHFR/GPX4/HACD3/INTS5/IPO11/LMNA/MFSD10/MGST3/MRPS14/MRPS23/NOC4L/NUCB2/NUP37/NUTF2/PLAAT3/PLRG1/RAN/RANBP1/RRM1/RTCB/SIGMAR1/SURF4/THAP7/TM7SF2/TMEM109/TMEM147/TMEM209/TMEM38B/TMEM53/TYRO3/UTP18/ZC3HC1"
"ciliary transition zone",0.391492297305021,"CETN3/DYNC2LI1/IFT52/KIFAP3/MKS1/POC5/TBCC/TMEM107/TMEM216"
"MLL1/2 complex",0.391492297305021,"DPY30/MEN1/PRPF31/RUVBL1/RUVBL2"
"nuclear lamina",0.394330172414437,"LMNA/PCNA/SUV39H1"
"preribosome, small subunit precursor",0.394330172414437,"NOC4L/RIOK2/RRP1"
"ER membrane insertion complex",0.394330172414437,"TMCO1/TMEM147/UBL4A"
"outer mitochondrial membrane protein complex",0.401629261845101,"APOO/MICOS13/MTX2/SAMM50"
"dynein complex",0.41711926387231,"DNAI3/DNAI4/DYNC2I2/DYNC2LI1/DYNLL1/DYNLT3/SNX4"
"site of double-strand break",0.41711926387231,"ASF1A/DYNLL1/H2AX/KDM4D/LMNA/RNF8/RPA2/RPA3/SHLD1/SMARCAL1/TONSL"
"peroxisomal membrane",0.41711926387231,"PEX10/PEX11A/PEX11B/PEX12/PEX3/PEX7/PLAAT3/SLC27A2"
"microbody membrane",0.41711926387231,"PEX10/PEX11A/PEX11B/PEX12/PEX3/PEX7/PLAAT3/SLC27A2"
"nucleosome",0.425365192887198,"ACTL6A/ACTR6/H1-10/H1-3/H1-4/H2AC20/H2AC7/H2AX/H4C3/MEAF6/MRGBP/RUVBL1/RUVBL2/VPS72"
"mRNA cleavage and polyadenylation specificity factor complex",0.428626559135558,"CPSF3/CPSF4L/CSTF2/TUT1"
"respiratory chain complex IV",0.428626559135558,"COX5A/COX5B/COX6A1/MTCO2P12"
"U4/U6 x U5 tri-snRNP complex",0.455027982432742,"LSM2/PRPF31/RBM42/SNRNP40/SNRPB/SNRPG"
"H4 histone acetyltransferase complex",0.455027982432742,"ACTL6A/MEAF6/MRGBP/RUVBL1/RUVBL2/VPS72"
"U5 snRNP",0.464384049704269,"SNRNP40/SNRPB/SNRPG/TSSC4"
"COPI-coated vesicle",0.464384049704269,"CCDC115/COPE/COPZ2/KDELR2"
"transferase complex, transferring phosphorus-containing groups",0.464384049704269,"ATG101/CCNF/CCNQ/CDK4/CTR9/GTF2A2/GTF2E1/GTF2E2/LEO1/MCM3/MNAT1/PARD6A/PCNA/PFKL/PIK3R4/POLD1/POLE4/POLR1B/POLR1H/POLR2I/POLR2L/POLR3K/POLRMT/PRKACB/PRKAR1B/PRPS2/SKIC8"
"multivesicular body",0.464384049704269,"ATP13A2/CHMP4C/CHMP6/LAPTM4B/NSG1/PRKAR1B/TMEM9/VTA1"
"spliceosomal tri-snRNP complex",0.464384049704269,"LSM2/PRPF31/RBM42/SNRNP40/SNRPB/SNRPG"
"lumenal side of membrane",0.464384049704269,"ALG3/ALG8/COA8/DNAJC19/HLA-G/NOA1"
"methyltransferase complex",0.464384049704269,"DPY30/MEN1/N6AMT1/PRMT1/PRPF31/RUVBL1/RUVBL2/SNRPB/SNRPG/TRMT10C/TRMT112"
"cytoplasmic exosome (RNase complex)",0.464384049704269,"EXOSC1/EXOSC5/PNPT1"
"Ino80 complex",0.464384049704269,"ACTL6A/RUVBL1/RUVBL2"
"vacuolar proton-transporting V-type ATPase complex",0.490417956021123,"ATP6V0A4/ATP6V0E2/ATP6V1F/CCDC115"
"acetylcholine-gated channel complex",0.523929471261828,"CHRNA5/CHRNA6/CHRNB1"
"preribosome, large subunit precursor",0.523929471261828,"BOP1/EBNA1BP2/ZNF622"
"INO80-type complex",0.530698135882552,"ACTL6A/ACTR6/RUVBL1/RUVBL2"
"site of DNA damage",0.530698135882552,"ASF1A/DYNLL1/EXD2/H2AX/HPF1/KDM4D/LMNA/RNF8/RPA2/RPA3/SHLD1/SMARCAL1/TONSL"
"Sm-like protein family complex",0.530698135882552,"GEMIN2/GEMIN4/GEMIN5/GEMIN6/LSM1/LSM2/PRPF31/RBM42/SNRNP40/SNRPB/SNRPG/TSSC4"
"spindle microtubule",0.530698135882552,"AURKA/BBLN/CHMP4C/CHMP6/DYNLT3/HAUS1/KIFAP3/TUBG1/ZW10"
"proton-transporting V-type ATPase complex",0.567031062874793,"ATP6V0A4/ATP6V0E2/ATP6V1F/CCDC115"
"clathrin coat of trans-Golgi network vesicle",0.567031062874793,"AP1M1/CLBA1/CLTB"
"COPI-coated vesicle membrane",0.567031062874793,"COPE/COPZ2/KDELR2"
"ubiquitin ligase complex",0.590421882058389,"ANAPC10/ANAPC11/BABAM2/CACYBP/CCNF/DMAC2/FBXL14/FBXL15/FBXL6/FBXO6/FBXO8/FBXW5/KBTBD3/KEAP1/KLHL7/MED27/MED7/MED8/PCGF6/PEF1/RBX1/RNF14/RNF8/SHARPIN/SPSB1/SPSB2/SPSB3/STUB1/TRAF2/UBE2S"
"small-subunit processome",0.598579156069607,"DIMT1/IMP3/IMP4/NOC4L/RRP7A/TBL3/UTP11/UTP18"
"euchromatin",0.614034097716636,"ALKBH1/CTR9/EXOSC5/H1-3/H1-4/RUVBL2/SKIC8"
"proton-transporting two-sector ATPase complex, catalytic domain",0.614034097716636,"ATP5F1B/ATP5F1D/ATP6V1F"
"alpha-ketoacid dehydrogenase complex",0.614034097716636,"DLAT/PDHB/PDK2"
"RNA polymerase II, holoenzyme",0.614034097716636,"CTR9/GTF2A2/GTF2E1/GTF2E2/LEO1/MNAT1/POLR2I/POLR2L/SKIC8"
"fibrillar center",0.631575507731991,"APEX2/DUSP11/EZR/IMP4/LEO1/METTL5/NEDD1/PLRG1/POLR1B/RPP38/TAX1BP3/THAP1/TIMM13/ZNF174"
"ESCRT complex",0.631575507731991,"CHMP4C/CHMP6/MVB12B/VPS37A"
"vacuolar proton-transporting V-type ATPase, V0 domain",0.631575507731991,"ATP6V0A4/ATP6V0E2"
"caspase complex",0.631575507731991,"GPAA1/PIGU"
"Golgi transport complex",0.631575507731991,"COG6/TMEM115"
"nucleolar exosome (RNase complex)",0.631575507731991,"EXOSC1/EXOSC5"
"proteasome core complex",0.645600946087102,"PSMA5/PSMA7/PSMA8"
"trans-Golgi network transport vesicle membrane",0.645600946087102,"AP1M1/CLBA1/CLTB"
"DNA polymerase complex",0.645600946087102,"MCM3/POLD1/POLE4"
"photoreceptor connecting cilium",0.652314071561209,"CETN3/IFT52/KIFAP3/POC5/TBCC"
"nuclear membrane",0.680481537277682,"CDK4/CPTP/DHCR7/DUSP2/EBP/GATA6/GCHFR/HACD3/INTS5/LMNA/MFSD10/MRPS14/MRPS23/NOC4L/NUTF2/PLRG1/SIGMAR1/SURF4/THAP7/TM7SF2/TMEM109/TMEM147/TMEM38B/TMEM53/UTP18/ZC3HC1"
"integrator complex",0.695622776603594,"INTS13/INTS14/INTS5"
"aminoacyl-tRNA synthetase multienzyme complex",0.695622776603594,"DARS1/EEF1E1"
"haptoglobin-hemoglobin complex",0.695622776603594,"HBA2/HBG1"
"CMG complex",0.695622776603594,"MCM3/MCM6"
"anaphase-promoting complex",0.747898665914646,"ANAPC10/ANAPC11/UBE2S"
"telomerase holoenzyme complex",0.747898665914646,"ACD/NHP2/SNRPB"
"Golgi-associated vesicle membrane",0.747898665914646,"AP1M1/CLBA1/CLTB/COPE/COPZ2/KDELR2"
"ESCRT I complex",0.747898665914646,"MVB12B/VPS37A"
"ESCRT III complex",0.747898665914646,"CHMP4C/CHMP6"
"Golgi medial cisterna",0.747898665914646,"B3GALT6/YIPF2"
"hemoglobin complex",0.747898665914646,"HBA2/HBG1"
"AP-1 adaptor complex",0.747898665914646,"AP1M1/CLBA1"
"proton-transporting V-type ATPase, V0 domain",0.747898665914646,"ATP6V0A4/ATP6V0E2"
"amphisome membrane",0.747898665914646,"CHMP4C/CHMP6"
"U2-type spliceosomal complex",0.747898665914646,"EIF4A3/LSM2/PLRG1/PPIL1/PRPF31/RNF113A/SNRNP40/SNRPB/SNRPG"
"kinetochore",0.749093342225485,"ACTL6A/AURKA/BUB3/CENPH/CENPM/CENPQ/CENPS/CHMP4C/CHMP6/DYNLL1/DYNLT3/MEAF6/NUP37/PINX1/ZW10"
"exosome (RNase complex)",0.768913801524445,"EXOSC1/EXOSC5/PNPT1"
"nuclear ubiquitin ligase complex",0.786937670373946,"ANAPC10/ANAPC11/BABAM2/PCGF6/UBE2S"
"condensed chromosome",0.786937670373946,"ACTL6A/AURKA/BUB3/CENPH/CENPM/CENPQ/CENPS/CHMP4C/CHMP6/DYNLL1/DYNLT3/H2AX/KIFAP3/MEAF6/NCAPH/NSMCE4A/NUP37/P3H4/PINX1/SUV39H1/TOP3B/TUBG1/ZW10"
"cullin-RING ubiquitin ligase complex",0.786937670373946,"ANAPC10/ANAPC11/CACYBP/CCNF/DMAC2/FBXL14/FBXL15/FBXL6/FBXO6/FBXW5/KBTBD3/KEAP1/KLHL7/PEF1/RBX1/SPSB1/SPSB2/SPSB3/UBE2S"
"endopeptidase complex",0.786937670373946,"GPAA1/PIGU/PSMA5/PSMA7/PSMA8/PSMD10/PSMD14/RAD23A/SPCS1"
"telomere cap complex",0.786937670373946,"ACD/TINF2"
"nuclear telomere cap complex",0.786937670373946,"ACD/TINF2"
"COPI vesicle coat",0.786937670373946,"COPE/COPZ2"
"DNA replication preinitiation complex",0.786937670373946,"MCM3/MCM6"
"spindle pole centrosome",0.786937670373946,"AURKA/NUBP2"
"nuclear pore nuclear basket",0.786937670373946,"CETN3/ZC3HC1"
"endoplasmic reticulum quality control compartment",0.832446912354919,"ERLEC1/FBXO6/RNF5"
"chromosome, centromeric region",0.832446912354919,"ACTL6A/AURKA/BUB3/CENPH/CENPM/CENPQ/CENPS/CHMP4C/CHMP6/DAXX/DYNLL1/DYNLT3/H4C3/KDM4D/MEAF6/MIS18A/NUP37/PINX1/PPP2R1A/SUV39H1/ZW10"
"Seh1-associated complex",0.832446912354919,"RRAGA/WDR24"
"amphisome",0.832446912354919,"CHMP4C/CHMP6"
"pronucleus",0.832446912354919,"AURKA/METTL23"
"cytoplasmic side of lysosomal membrane",0.832446912354919,"BORCS6/SNAPIN"
"GBAF complex",0.832446912354919,"ACTL6A/BCL7C"
"chromosome, telomeric repeat region",0.832446912354919,"ACD/TINF2"
"ATAC complex",0.832446912354919,"POLE4/SGF29"
"enzyme activator complex",0.832446912354919,"PCNA/RRAGA"
"transmembrane transporter complex",0.839414761802215,"ABHD6/ATP5F1B/ATP5F1D/ATP5MC3/ATP5ME/ATP5PF/ATP6V0A4/ATP6V0E2/ATP6V1F/CCDC115/CCDC51/CHRNA5/CHRNA6/CHRNB1/CLIC3/CLIC5/COX5A/COX5B/COX6A1/CYC1/FKBP1B/MCUB/MTCO2P12/NDUFA8/NDUFAB1/NDUFB10/NDUFB11/NDUFB5/NDUFB7/NDUFC1/NDUFC2/NDUFS7/NDUFS8/ORAI1/TMEM109/UQCR10/UQCRFS1/UQCRQ"
"U2-type precatalytic spliceosome",0.839414761802215,"LSM2/PRPF31/RNF113A/SNRPB/SNRPG"
"nuclear speck",0.842296925794764,"AK6/API5/C12orf57/CBY1/COPS4/CTR9/DGKQ/DUSP11/EIF4A3/FIBP/H2AX/HIKESHI/LMNA/LPXN/PCBP1/PLRG1/PRPF31/PSKH1/RBM4B/RNF113A/RNF34/SDCBP2/SLC34A1/SNRNP40/SURF2/TBXA2R/THAP7/THOC3/TMEM179B/TUT1/UNC45A/VPS72"
"vesicle coat",0.844810320862413,"AP1M1/CLBA1/CLTB/COPE/COPZ2/PEF1"
"rough endoplasmic reticulum membrane",0.846714907456678,"ALG5/ARL6IP1/SRPRB"
"exoribonuclease complex",0.846714907456678,"EXOSC1/EXOSC5/PNPT1"
"endoplasmic reticulum protein-containing complex",0.854979661930858,"ARL6IP1/EMC6/GPAA1/PIGP/PIGU/SDF2L1/SPCS1/SRPRB/TRAF2/ZW10"
"proteasome complex",0.859674267149446,"PSMA5/PSMA7/PSMA8/PSMD10/PSMD14/RAD23A"
"axon cytoplasm",0.859674267149446,"BLOC1S4/BLOC1S5/DTNBP1/DYNLL1/SNAPIN/SOD1"
"Cul5-RING ubiquitin ligase complex",0.859674267149446,"RBX1/SPSB3"
"low-density lipoprotein particle",0.859674267149446,"APOO/LSR"
"RNA polymerase II transcription repressor complex",0.859674267149446,"DRAP1/LIN52"
"dopaminergic synapse",0.859674267149446,"CHRNA5/CHRNA6"
"condensed chromosome, centromeric region",0.859674267149446,"ACTL6A/AURKA/BUB3/CENPH/CENPM/CENPQ/CENPS/CHMP4C/CHMP6/DYNLL1/DYNLT3/MEAF6/NUP37/PINX1/ZW10"
"P granule",0.859674267149446,"HENMT1/SNRPG/TDRKH"
"pole plasm",0.859674267149446,"HENMT1/SNRPG/TDRKH"
"germ plasm",0.859674267149446,"HENMT1/SNRPG/TDRKH"
"organelle membrane contact site",0.892539598857269,"APOO/MICOS13/PIK3R4/TMX1/TMX2"
"precatalytic spliceosome",0.892539598857269,"LSM2/PRPF31/RNF113A/SNRPB/SNRPG"
"nuclear exosome (RNase complex)",0.902109898089091,"EXOSC1/EXOSC5"
"RNA polymerase II, core complex",0.902109898089091,"POLR2I/POLR2L"
"mitotic spindle microtubule",0.902109898089091,"HAUS1/TUBG1"
"GTPase complex",0.913185362682057,"GNA14/GNG4/HRAS/RRAGA"
"histone acetyltransferase complex",0.945038653884832,"ACTL6A/MEAF6/MRGBP/POLE4/RUVBL1/RUVBL2/SGF29/VPS72"
"COPII-coated ER to Golgi transport vesicle",0.945038653884832,"HLA-G/IER3IP1/LMAN2L/PEF1/SLC30A5/SURF4/YIF1A/YIPF5"
"lateral plasma membrane",0.97129839591323,"ARL2/ERBB3/NSG1/PPP2R1A/SNTA1/TBCD"
"ribonucleoprotein granule",0.975787130725054,"APOBEC3C/APOBEC3G/DCP1B/DDX28/DHX30/EIF2S1/ELAVL1/FASTK/FASTKD3/HENMT1/LSM1/LSM2/MCRIP1/NBDY/OGFOD1/PCBP1/RPUSD3/SNRPG/SOCS1/TBRG4/TDRKH"
"nuclear pore",0.999999999999808,"CETN3/CHMP4C/CHMP6/NUP37/NUTF2/RAN/RANBP1/ZC3HC1"
"RNA polymerase III complex",0.999999999999808,"POLR2L/POLR3K"
"U2-type prespliceosome",0.999999999999808,"SNRPB/SNRPG"
"prespliceosome",0.999999999999808,"SNRPB/SNRPG"
"sarcoplasmic reticulum membrane",0.999999999999808,"FKBP1B/SRI/TMEM109/TMEM38B"
"ATPase complex",0.999999999999808,"ACTL6A/ACTR6/ATP6V0A4/ATP6V0E2/ATP6V1F/BCL7C/CCDC115/CDK2AP2/RUVBL1/RUVBL2"
"nuclear periphery",0.999999999999808,"ACTL6A/DGKQ/EBNA1BP2/GFI1/LMNA/LRIF1/MEN1/PCNA/RUVBL1/RUVBL2/SUV39H1/TINF2"
"cyclin-dependent protein kinase holoenzyme complex",0.999999999999808,"CCNF/CCNQ/CDK4/MNAT1/PCNA"
"Cul3-RING ubiquitin ligase complex",0.999999999999808,"KBTBD3/KEAP1/KLHL7/PEF1/RBX1"
"microtubule associated complex",0.999999999999808,"AURKA/DNAI3/DNAI4/DYNC2I2/DYNC2LI1/DYNLL1/DYNLT3/EML1/HAUS1/KATNB1/KIFAP3/SNX4"
"peptidase complex",0.999999999999808,"GPAA1/PIGU/PSMA5/PSMA7/PSMA8/PSMD10/PSMD14/RAD23A/SGF29/SPCS1"
"endoplasmic reticulum exit site",0.999999999999808,"PREB/SURF4/YIPF5"
"neuron projection cytoplasm",0.999999999999808,"BLOC1S4/BLOC1S5/DTNBP1/DYNLL1/KIFAP3/SNAPIN/SOD1"
"Flemming body",0.999999999999808,"CHMP4C/EXOC2/RALA"
"immunological synapse",0.999999999999808,"CRTAM/EZR/LCK/STOML2"
"cation-transporting ATPase complex",0.999999999999808,"ATP6V0A4/ATP6V0E2/ATP6V1F/CCDC115"
"ciliary base",0.999999999999808,"IFT52/PRKACB/PRKAR1B/TULP3"
"coated vesicle membrane",0.999999999999808,"AP1M1/ATP6V0E2/ATP6V1F/CD3D/CD3G/CLBA1/CLTB/COPE/COPZ2/HLA-G/KDELR2/LDLRAP1/PEF1/REEP6/SLC30A5"
"protein acetyltransferase complex",0.999999999999808,"ACTL6A/MEAF6/MRGBP/POLE4/RUVBL1/RUVBL2/SGF29/VPS72"
"catalytic step 2 spliceosome",0.999999999999808,"EIF4A3/LSM2/PLRG1/PPIL1/SNRNP40/SNRPB/SNRPG"
"pericentriolar material",0.999999999999808,"LCK/TUBG1"
"stereocilium tip",0.999999999999808,"EPS8L2/MORN4"
"very-low-density lipoprotein particle",0.999999999999808,"APOO/LSR"
"triglyceride-rich plasma lipoprotein particle",0.999999999999808,"APOO/LSR"
"exon-exon junction complex",0.999999999999808,"EIF4A3/PYM1"
"complex of collagen trimers",0.999999999999808,"COL28A1/COL4A1"
"clathrin vesicle coat",0.999999999999808,"AP1M1/CLBA1/CLTB"
"lumenal side of endoplasmic reticulum membrane",0.999999999999808,"ALG3/ALG8/HLA-G"
"transport vesicle",0.999999999999808,"ANKRD27/AP1AR/AP1M1/ATP13A2/ATP6V0A4/ATP6V0E2/ATP6V1F/BLOC1S5/CLBA1/CLTB/COPE/COPS4/COPZ2/DTNBP1/ERG28/GIPC1/HLA-G/KDELR2/PEF1/PTPRN/RAB40C/RABAC1/SLC30A5/SLC35G2/SNAPIN/SURF4/SYNGR1/TMEM187/TMEM230/WFS1/YIPF2/ZNRF1"
"acetyltransferase complex",0.999999999999808,"ACTL6A/MEAF6/MRGBP/POLE4/RUVBL1/RUVBL2/SGF29/VPS72"
"neuromuscular junction",0.999999999999808,"ACHE/CHRNB1/DNAJA3/F2R/SNTA1/SYNGR1"
"small nuclear ribonucleoprotein complex",0.999999999999808,"GEMIN4/LSM2/PRPF31/RBM42/SNRNP40/SNRPB/SNRPG/TSSC4"
"microtubule end",0.999999999999808,"CAMSAP3/MAPRE2/SLAIN1"
"proteasome regulatory particle",0.999999999999808,"PSMD10/PSMD14"
"axonemal dynein complex",0.999999999999808,"DNAI3/DNAI4"
"mitochondria-associated endoplasmic reticulum membrane contact site",0.999999999999808,"TMX1/TMX2"
"trans-Golgi network",0.999999999999808,"AP1M1/ARFRP1/CBY1/CHID1/CLBA1/CLTB/COG6/DPY30/NSG1/PCSK1N/PLEKHJ1/PREPL/SCAMP3/SCOC/SLC30A5/TMEM230/TRAPPC6A/YIPF2/YIPF5"
"Golgi-associated vesicle",0.999999999999808,"AP1M1/CCDC115/CLBA1/CLTB/COPE/COPZ2/KDELR2"
"guanyl-nucleotide exchange factor complex",0.999999999999808,"EIF2B3/MON1A"
"cytoplasmic side of endoplasmic reticulum membrane",0.999999999999808,"ALG1/ALG5"
"condensed nuclear chromosome",0.999999999999808,"H2AX/KIFAP3/NCAPH/P3H4/SUV39H1/TUBG1"
"lysosomal membrane",0.999999999999808,"ABHD6/AP1M1/ATP13A2/ATP6V0A4/ATP6V0E2/ATP6V1F/ATRAID/BORCS6/CHMP4C/CHMP6/COL6A1/HPS6/LAMP3/LAPTM4B/MLST8/NDUFC2/PLAAT3/PLEKHF1/PRMT1/RDH14/RRAGA/SLC29A3/SNAPIN/SURF4/SYNGR1/TLR3/TMEM179B/TMEM203/TMEM9/TMEM9B/WDR24"
"lytic vacuole membrane",0.999999999999808,"ABHD6/AP1M1/ATP13A2/ATP6V0A4/ATP6V0E2/ATP6V1F/ATRAID/BORCS6/CHMP4C/CHMP6/COL6A1/HPS6/LAMP3/LAPTM4B/MLST8/NDUFC2/PLAAT3/PLEKHF1/PRMT1/RDH14/RRAGA/SLC29A3/SNAPIN/SURF4/SYNGR1/TLR3/TMEM179B/TMEM203/TMEM9/TMEM9B/WDR24"
"vesicle tethering complex",0.999999999999808,"COG6/EXOC2/TMEM115/TRAPPC6A/ZW10"
"trans-Golgi network transport vesicle",0.999999999999808,"AP1M1/CLBA1/CLTB"
"spindle midzone",0.999999999999808,"AURKA/EML1/MAPRE2"
"sarcoplasm",0.999999999999808,"COL6A1/DTNBP1/ELAVL1/FKBP1B/SRI/TMEM109/TMEM38B"
"spliceosomal snRNP complex",0.999999999999808,"LSM2/PRPF31/RBM42/SNRNP40/SNRPB/SNRPG/TSSC4"
"non-motile cilium",0.999999999999808,"CETN3/HYLS1/IFT52/KIFAP3/LYAR/MKKS/OPN3/PHYH/POC5/TBCC/TUBG1/TULP3"
"plasma membrane bounded cell projection cytoplasm",0.999999999999808,"BLOC1S4/BLOC1S5/CAMSAP3/DNAI3/DNAI4/DTNBP1/DYNC2I2/DYNC2LI1/DYNLL1/EFCAB6/KIFAP3/NME7/PIK3R4/SNAPIN/SOD1/SSNA1/TUBB4A/TULP3/WDR54"
"ATPase dependent transmembrane transport complex",0.999999999999808,"ATP6V0A4/ATP6V0E2/ATP6V1F/CCDC115"
"axoneme",0.999999999999808,"CAMSAP3/DNAI3/DNAI4/DYNC2I2/DYNC2LI1/EFCAB6/KIFAP3/NME7/PIK3R4/SSNA1/TUBB4A/TULP3/WDR54"
"Golgi trans cisterna",0.999999999999808,"YIPF2"
"female pronucleus",0.999999999999808,"METTL23"
"nuclear pore outer ring",0.999999999999808,"NUP37"
"GATOR2 complex",0.999999999999808,"WDR24"
"pi-body",0.999999999999808,"TDRKH"
"EMC complex",0.999999999999808,"EMC6"
"Bcl-2 family protein complex",0.999999999999808,"BAD"
"centriolar subdistal appendage",0.999999999999808,"CCDC61"
"FNIP-folliculin RagC/D GAP",0.999999999999808,"RRAGA"
"synaptic vesicle membrane",0.999999999999808,"ATP6V0A4/ATP6V0E2/ATP6V1F/CLTB/DTNBP1/SLC35G2/SNAPIN/SYNGR1/WFS1/ZNRF1"
"exocytic vesicle membrane",0.999999999999808,"ATP6V0A4/ATP6V0E2/ATP6V1F/CLTB/DTNBP1/SLC35G2/SNAPIN/SYNGR1/WFS1/ZNRF1"
"ciliary plasm",0.999999999999808,"CAMSAP3/DNAI3/DNAI4/DYNC2I2/DYNC2LI1/EFCAB6/KIFAP3/NME7/PIK3R4/SSNA1/TUBB4A/TULP3/WDR54"
"proteasome accessory complex",0.999999999999808,"PSMD10/PSMD14"
"nuclear matrix",0.999999999999808,"ACTL6A/DGKQ/GFI1/LMNA/LRIF1/MEN1/RUVBL1/RUVBL2/TINF2"
"protein-lipid complex",0.999999999999808,"APOO/LSR/PEX3"
"nuclear inner membrane",0.999999999999808,"MFSD10/NUTF2/SIGMAR1/TM7SF2"
"stereocilium bundle",0.999999999999808,"CLIC5/EPS8L2/MKKS/MORN4/PLS1"
"histone methyltransferase complex",0.999999999999808,"DPY30/MEN1/PRPF31/RUVBL1/RUVBL2"
"P-body",0.999999999999808,"APOBEC3C/APOBEC3G/DCP1B/ELAVL1/LSM1/LSM2/NBDY"
"late endosome membrane",0.999999999999808,"ABHD6/ATP13A2/CHMP4C/CHMP6/LAMP3/LAPTM4B/MVB12B/NSG1/SLC29A3/TMEM9/VPS37A/YIPF2"
"plasma membrane raft",0.999999999999808,"CD8A/EZR/F2R/FASLG/ORAI1/PLPP1/PLVAP/RANGRF"
"dendritic shaft",0.999999999999808,"ABI3/GIPC1/RTN4R"
"dendrite cytoplasm",0.999999999999808,"KIFAP3/SOD1"
"microtubule plus-end",0.999999999999808,"MAPRE2/SLAIN1"
"astral microtubule",0.999999999999808,"DYNLT3"
"palmitoyltransferase complex",0.999999999999808,"ORMDL2"
"interstitial matrix",0.999999999999808,"NAV2"
"nuclear envelope lumen",0.999999999999808,"CACYBP"
"U6 snRNP",0.999999999999808,"LSM2"
"aster",0.999999999999808,"DYNLT3"
"chaperonin-containing T-complex",0.999999999999808,"CCT4"
"neurofilament",0.999999999999808,"LDLRAP1"
"platelet dense tubular network",0.999999999999808,"F2R"
"SCAR complex",0.999999999999808,"ABI3"
"mismatch repair complex",0.999999999999808,"MSH2"
"cis-Golgi network membrane",0.999999999999808,"HLA-G"
"endoplasmic reticulum chaperone complex",0.999999999999808,"SDF2L1"
"CD40 receptor complex",0.999999999999808,"TRAF2"
"kinocilium",0.999999999999808,"MKKS"
"astrocyte end-foot",0.999999999999808,"EIF2S1"
"9+2 non-motile cilium",0.999999999999808,"MKKS"
"postsynaptic endocytic zone",0.999999999999808,"CLTB"
"GTPase activator complex",0.999999999999808,"RRAGA"
"spliceosomal complex",0.999999999999808,"API5/DHX32/DNAJC17/EIF4A3/GEMIN2/LSM2/PLRG1/PPIL1/PRPF31/RNF113A/SNRNP40/SNRPB/SNRPG/TSSC4"
"Golgi cisterna",0.999999999999808,"B3GALT6/CHPF/LYSET/NECAB3/NSG1/SLC30A5/TMEM115/YIPF2"
"U12-type spliceosomal complex",0.999999999999808,"SNRPB/SNRPG"
"clathrin adaptor complex",0.999999999999808,"AP1M1/CLBA1"
"spindle",0.999999999999808,"ARL2BP/AURKA/BBLN/CHMP4C/CHMP6/DYNLL1/DYNLT3/EML1/HAUS1/JTB/KATNB1/KIFAP3/MAPRE2/MZT2A/MZT2B/NEDD1/NME7/NUBP2/NUDC/PINX1/PYCR3/SAC3D1/SGF29/SLC34A1/TMEM9/TTLL12/TUBB4A/TUBG1/ZW10"
"rough endoplasmic reticulum",0.999999999999808,"ALG5/ARL6IP1/RANGRF/SRPRB"
"azurophil granule membrane",0.999999999999808,"NDUFC2/SURF4/SYNGR1/TMEM179B"
"9+0 non-motile cilium",0.999999999999808,"CETN3/IFT52/KIFAP3/LYAR/OPN3/PHYH/POC5/TBCC/TULP3"
"inclusion body",0.999999999999808,"GYS1/KEAP1/POLD1/SLC2A14/STUB1"
"nucleotide-excision repair complex",0.999999999999808,"POLD1"
"vacuolar proton-transporting V-type ATPase, V1 domain",0.999999999999808,"ATP6V1F"
"transcription export complex",0.999999999999808,"THOC3"
"transcription factor TFIIH core complex",0.999999999999808,"MNAT1"
"X chromosome",0.999999999999808,"LRIF1"
"fibrillar collagen trimer",0.999999999999808,"COL28A1"
"proteasome regulatory particle, base subcomplex",0.999999999999808,"PSMD10"
"beta-catenin destruction complex",0.999999999999808,"CACYBP"
"nucleocytoplasmic transport complex",0.999999999999808,"RAN"
"proton-transporting V-type ATPase, V1 domain",0.999999999999808,"ATP6V1F"
"TOR complex",0.999999999999808,"MLST8"
"nuclear inclusion body",0.999999999999808,"STUB1"
"Schmidt-Lanterman incisure",0.999999999999808,"MARVELD2"
"MLL3/4 complex",0.999999999999808,"DPY30"
"U2-type catalytic step 1 spliceosome",0.999999999999808,"EIF4A3"
"catalytic step 1 spliceosome",0.999999999999808,"EIF4A3"
"banded collagen fibril",0.999999999999808,"COL28A1"
"TRAPPIII protein complex",0.999999999999808,"TRAPPC6A"
"late endosome",0.999999999999808,"ABHD6/ANKRD27/AP1AR/ATP13A2/CHID1/CHMP4C/CHMP6/F2R/LAMP3/LAPTM4B/MON1A/MVB12B/NSG1/PIK3R4/PRKAR1B/SLC29A3/TMEM230/TMEM9/VPS37A/VTA1/YIPF2"
"brush border membrane",0.999999999999808,"ATP6V0A4/MFSD10/SLC27A4/SLC34A1"
"coated vesicle",0.999999999999808,"AP1M1/ATP6V0E2/ATP6V1F/CCDC115/CD3D/CD3G/CLBA1/CLTB/COPE/COPZ2/HLA-G/IER3IP1/KDELR2/LDLRAP1/LMAN2L/PEF1/REEP6/SLC30A5/SURF4/YIF1A/YIPF5"
"U2 snRNP",0.999999999999808,"SNRPB/SNRPG"
"clathrin-coated vesicle membrane",0.999999999999808,"AP1M1/ATP6V0E2/ATP6V1F/CD3D/CD3G/CLBA1/CLTB/LDLRAP1/REEP6"
"transcription factor TFIID complex",0.999999999999808,"GTF2A2/GTF2E1/GTF2E2"
"mitotic spindle",0.999999999999808,"AURKA/DYNLL1/DYNLT3/EML1/HAUS1/NUDC/PYCR3/SGF29/SLC34A1/TMEM9/TUBB4A/TUBG1"
"intercellular bridge",0.999999999999808,"DUSP11/FAM50B/OLFM4/PYCR3/TMEM9/TUBB4A"
"transcription factor TFIIH holo complex",0.999999999999808,"MNAT1"
"chromatin silencing complex",0.999999999999808,"SUV39H1"
"chylomicron",0.999999999999808,"LSR"
"dendrite terminus",0.999999999999808,"IFT52"
"cholinergic synapse",0.999999999999808,"CHRNA5"
"SUMO ligase complex",0.999999999999808,"NSMCE4A"
"beta-catenin-TCF complex",0.999999999999808,"PYGO2"
"Wnt signalosome",0.999999999999808,"RECK"
"ficolin-1-rich granule membrane",0.999999999999808,"DSP/DYNLL1/NFASC/TMEM179B"
"sarcoplasmic reticulum",0.999999999999808,"COL6A1/FKBP1B/SRI/TMEM109/TMEM38B"
"serine/threonine protein kinase complex",0.999999999999808,"ATG101/CCNF/CCNQ/CDK4/MNAT1/PARD6A/PCNA/PRKACB/PRKAR1B"
"Golgi cis cisterna",0.999999999999808,"NECAB3/SLC30A5"
"SWI/SNF complex",0.999999999999808,"ACTL6A/BCL7C"
"desmosome",0.999999999999808,"DSP/PERP"
"endoplasmic reticulum tubular network",0.999999999999808,"ARL6IP1/ARV1"
"brush border",0.999999999999808,"ATP6V0A4/DCXR/EZR/MFSD10/PLS1/SLC27A4/SLC34A1"
"vacuolar membrane",0.999999999999808,"ABHD6/AP1M1/ATP13A2/ATP6V0A4/ATP6V0E2/ATP6V1F/ATRAID/BORCS6/CCDC115/CHMP4C/CHMP6/COL6A1/HPS6/LAMP3/LAPTM4B/MLST8/NDUFC2/PLAAT3/PLEKHF1/PRMT1/RDH14/RRAGA/SLC29A3/SNAPIN/SURF4/SYNGR1/TLR3/TMEM179B/TMEM203/TMEM9/TMEM9B/WDR24"
"synaptic vesicle",0.999999999999808,"ATP6V0A4/ATP6V0E2/ATP6V1F/CLTB/COPS4/DTNBP1/GIPC1/RAB40C/RABAC1/SLC35G2/SNAPIN/SYNGR1/TMEM230/WFS1/ZNRF1"
"SWI/SNF superfamily-type complex",0.999999999999808,"ACTL6A/ACTR6/BCL7C/CDK2AP2/RUVBL1/RUVBL2"
"stereocilium",0.999999999999808,"CLIC5/EPS8L2/MORN4/PLS1"
"Prp19 complex",0.999999999999808,"PLRG1"
"uropod",0.999999999999808,"EZR"
"septin ring",0.999999999999808,"TMEM250"
"chromocenter",0.999999999999808,"TINF2"
"septin complex",0.999999999999808,"TMEM250"
"Cul4A-RING E3 ubiquitin ligase complex",0.999999999999808,"RBX1"
"brahma complex",0.999999999999808,"ACTL6A"
"chromaffin granule",0.999999999999808,"SRI"
"npBAF complex",0.999999999999808,"ACTL6A"
"mitotic spindle midzone",0.999999999999808,"EML1"
"transcription repressor complex",0.999999999999808,"DRAP1/GFI1/LIN52/LIN9/MEN1"
"cytoplasmic region",0.999999999999808,"BLOC1S4/BLOC1S5/CAMSAP3/CLTB/DNAI3/DNAI4/DTNBP1/DYNC2I2/DYNC2LI1/DYNLL1/EFCAB6/KIFAP3/NME7/PIK3R4/SNAPIN/SOD1/SSNA1/TUBB4A/TULP3/WDR54"
"cluster of actin-based cell projections",0.999999999999808,"ATP6V0A4/CLIC5/DCXR/EPS8L2/EZR/MFSD10/MKKS/MORN4/PLS1/SLC27A4/SLC34A1"
"axonemal A tubule inner sheath",0.999999999999808,"EFCAB6/NME7"
"myelin sheath",0.999999999999808,"MARVELD2/PRXL2B/TUBB4A"
"hippocampal mossy fiber to CA3 synapse",0.999999999999808,"DTNBP1/IGSF8/PRKAR1B"
"trans-Golgi network membrane",0.999999999999808,"AP1M1/ARFRP1/CLBA1/COG6/NSG1/SCAMP3/SLC30A5"
"Golgi apparatus subcompartment",0.999999999999808,"AP1M1/ARFRP1/B3GALT6/CBY1/CHID1/CHPF/CLBA1/CLTB/COG6/DPY30/LYSET/MGAT2/NECAB3/NSG1/PCSK1N/PLEKHJ1/PREPL/SCAMP3/SCOC/SLC30A5/TMEM115/TMEM230/TRAPPC6A/YIPF2/YIPF5"
"membrane coat",0.999999999999808,"AP1M1/CLBA1/CLTB/COPE/COPZ2/PEF1"
"coated membrane",0.999999999999808,"AP1M1/CLBA1/CLTB/COPE/COPZ2/PEF1"
"RSC-type complex",0.999999999999808,"ACTL6A"
"cell trailing edge",0.999999999999808,"EZR"
"compact myelin",0.999999999999808,"MARVELD2"
"Set1C/COMPASS complex",0.999999999999808,"DPY30"
"transport vesicle membrane",0.999999999999808,"AP1M1/ATP6V0A4/ATP6V0E2/ATP6V1F/CLBA1/CLTB/DTNBP1/HLA-G/PEF1/PTPRN/SLC30A5/SLC35G2/SNAPIN/SYNGR1/WFS1/ZNRF1"
"lysosomal lumen",0.999999999999808,"ATP13A2/CHID1/CTSF/EPDR1/FASLG/NSG1"
"caveola",0.999999999999808,"F2R/FASLG/PLPP1/PLVAP/RANGRF"
"U1 snRNP",0.999999999999808,"SNRPB/SNRPG"
"Schaffer collateral - CA1 synapse",0.999999999999808,"DTNBP1/GIPC1/LRFN2/PRKAR1B/RALA/SYNGR1"
"Cajal body",0.999999999999808,"AK6/GEMIN4/NHP2/PHAX/PRPF31"
"cytoplasmic side of membrane",0.999999999999808,"ALG1/ALG5/BORCS6/CHMP4C/DNAJA3/FADD/GNA14/GNG4/LDLRAP1/MIEN1/SNAPIN/STAC/TRAF2"
"XY body",0.999999999999808,"H2AX"
"phosphatidylinositol 3-kinase complex",0.999999999999808,"PIK3R4"
"NuRD complex",0.999999999999808,"CDK2AP2"
"COPII vesicle coat",0.999999999999808,"PEF1"
"septin cytoskeleton",0.999999999999808,"TMEM250"
"inhibitory synapse",0.999999999999808,"CEP112"
"meiotic spindle",0.999999999999808,"AURKA"
"CHD-type complex",0.999999999999808,"CDK2AP2"
"asymmetric, glutamatergic, excitatory synapse",0.999999999999808,"YWHAH"
"clathrin coat",0.999999999999808,"AP1M1/CLBA1/CLTB"
"germ cell nucleus",0.999999999999808,"AURKA/H2AX/PCNA/RAN"
"male germ cell nucleus",0.999999999999808,"H2AX/PCNA/RAN"
"intercalated disc",0.999999999999808,"DSP/RANGRF/YWHAH"
"autophagosome",0.999999999999808,"ATP13A2/CHMP4C/CHMP6/PIK3R4/TMEM230/TRIM32/UBQLN2"
"sex chromosome",0.999999999999808,"H2AX/LRIF1"
"heterotrimeric G-protein complex",0.999999999999808,"GNA14/GNG4"
"aggresome",0.999999999999808,"POLD1/SLC2A14"
"exocyst",0.999999999999808,"EXOC2"
"female germ cell nucleus",0.999999999999808,"AURKA"
"TRAPP complex",0.999999999999808,"TRAPPC6A"
"eukaryotic 48S preinitiation complex",0.999999999999808,"EIF2S1"
"tricarboxylic acid cycle heteromeric enzyme complex",0.999999999999808,"SUCLA2"
"FAR/SIN/STRIPAK complex",0.999999999999808,"PPP2R1A"
"sperm head-tail coupling apparatus",0.999999999999808,"SPATC1L"
"Golgi stack",0.999999999999808,"B3GALT6/CHPF/LYSET/MGAT2/NECAB3/NSG1/SLC30A5/TMEM115/YIPF2"
"ficolin-1-rich granule",0.999999999999808,"C1orf35/COMMD3/DSP/DYNLL1/GSTP1/NFASC/PFKL/PRDX4/PSMA5/PSMD14/TMEM179B"
"protein kinase complex",0.999999999999808,"ATG101/CCNF/CCNQ/CDK4/MNAT1/PARD6A/PCNA/PRKACB/PRKAR1B"
"protein phosphatase type 2A complex",0.999999999999808,"PPP2R1A"
"dystrophin-associated glycoprotein complex",0.999999999999808,"SNTA1"
"clathrin coat of coated pit",0.999999999999808,"CLTB"
"filopodium membrane",0.999999999999808,"HLA-G"
"PRC1 complex",0.999999999999808,"PCGF6"
"lamellar body",0.999999999999808,"LAMP3"
"CENP-A containing nucleosome",0.999999999999808,"H4C3"
"CENP-A containing chromatin",0.999999999999808,"H4C3"
"autophagosome membrane",0.999999999999808,"ATP13A2/CHMP4C/CHMP6"
"early endosome",0.999999999999808,"ACKR3/ANKRD27/AP1AR/AP1M1/CD8B/F2R/HLA-G/HPS6/LAMP3/LAPTM4B/LDLRAP1/MVB12B/NSG1/PLEKHF1/PLEKHJ1/PMEPA1/RAP1GAP/RHOD/RUSC1/SNX17/SNX4/SNX7/TLR3/TMEM230/TMEM9B/VCAM1/ZFYVE28"
"plasma lipoprotein particle",0.999999999999808,"APOO/LSR"
"lipoprotein particle",0.999999999999808,"APOO/LSR"
"cytoplasmic microtubule",0.999999999999808,"DCXR/DYNLT3/EFCAB6/MAPRE2/NME7/SRPRB/TUBG1"
"photoreceptor cell cilium",0.999999999999808,"CETN3/IFT52/KIFAP3/LYAR/OPN3/POC5/TBCC"
"lipid droplet",0.999999999999808,"GIMAP7/NSDHL/RAB40C/SCCPDH/SIGMAR1/ZW10"
"filopodium tip",0.999999999999808,"MORN4"
"chromosome, centromeric core domain",0.999999999999808,"H4C3"
"endolysosome membrane",0.999999999999808,"TLR3"
"translation preinitiation complex",0.999999999999808,"EIF2S1"
"serine-type endopeptidase complex",0.999999999999808,"SPCS1"
"phagophore assembly site",0.999999999999808,"ATG101/SNX7"
"Cul4-RING E3 ubiquitin ligase complex",0.999999999999808,"FBXW5/RBX1"
"exocytic vesicle",0.999999999999808,"ATP6V0A4/ATP6V0E2/ATP6V1F/CLTB/COPS4/DTNBP1/GIPC1/RAB40C/RABAC1/SLC35G2/SNAPIN/SYNGR1/TMEM230/WFS1/ZNRF1"
"microtubule",0.999999999999808,"AURKA/BBLN/CAMSAP3/CCT4/CDK2AP2/CHMP4C/CHMP6/DCXR/DYNC2LI1/DYNLL1/DYNLT3/EFCAB6/EML1/HAUS1/KATNB1/KIFAP3/MAPRE2/NME7/NUDC/RUSC1/SLAIN1/SRPRB/STMN1/TBCC/TBCD/TTLL1/TUBB4A/TUBD1/TUBG1/ZW10"
"ficolin-1-rich granule lumen",0.999999999999808,"C1orf35/COMMD3/GSTP1/PFKL/PRDX4/PSMA5/PSMD14"
"mitotic spindle pole",0.999999999999808,"AURKA/EML1"
"node of Ranvier",0.999999999999808,"NFASC"
"basement membrane",0.999999999999808,"ACHE/COL28A1/COL4A1/COL6A1/RELL2"
"sperm midpiece",0.999999999999808,"CD52/DEFB1/IFT81"
"Golgi cisterna membrane",0.999999999999808,"B3GALT6/CHPF/NSG1/SLC30A5/TMEM115"
"SAGA-type complex",0.999999999999808,"POLE4/SGF29"
"centriolar satellite",0.999999999999808,"CCDC61/IFT43/KEAP1/LRIF1/PARD6A/RASSF7/RPP25"
"cytoplasmic ribonucleoprotein granule",0.999999999999808,"APOBEC3C/APOBEC3G/DCP1B/EIF2S1/ELAVL1/HENMT1/LSM1/LSM2/MCRIP1/NBDY/OGFOD1/PCBP1/SNRPG/SOCS1/TDRKH"
"carboxy-terminal domain protein kinase complex",0.999999999999808,"MNAT1"
"astrocyte projection",0.999999999999808,"EIF2S1"
"serine-type peptidase complex",0.999999999999808,"SPCS1"
"bicellular tight junction",0.999999999999808,"AOC1/CDK4/LSR/MARVELD2/PARD6A/TBCD/TJP3"
"cis-Golgi network",0.999999999999808,"COPZ2/HLA-G/KDELR2/TRAPPC6A"
"podosome",0.999999999999808,"LPXN/VCAM1"
"AP-type membrane coat adaptor complex",0.999999999999808,"AP1M1/CLBA1"
"melanosome",0.999999999999808,"ANKRD27/CCT4/DTNBP1/GCHFR/RAN/SYNGR1"
"pigment granule",0.999999999999808,"ANKRD27/CCT4/DTNBP1/GCHFR/RAN/SYNGR1"
"cytoplasmic side of plasma membrane",0.999999999999808,"CHMP4C/DNAJA3/FADD/GNA14/GNG4/LDLRAP1/MIEN1/STAC/TRAF2"
"perinuclear endoplasmic reticulum",0.999999999999808,"CISD2"
"dense core granule",0.999999999999808,"ECRG4/OXT"
"melanosome membrane",0.999999999999808,"DTNBP1"
"axon initial segment",0.999999999999808,"NFASC"
"chitosome",0.999999999999808,"DTNBP1"
"endocytic vesicle lumen",0.999999999999808,"HBA2"
"glycoprotein complex",0.999999999999808,"SNTA1"
"pigment granule membrane",0.999999999999808,"DTNBP1"
"DNA repair complex",0.999999999999808,"ATP23"
"tight junction",0.999999999999808,"AOC1/CDK4/LSR/MARVELD2/PARD6A/TBCD/TJP3"
"myosin filament",0.999999999999808,"TRIM32"
"postsynaptic endosome",0.999999999999808,"NSG1"
"histone deacetylase complex",0.999999999999808,"ACTR6/CDK2AP2/RUVBL1/RUVBL2"
"phagocytic vesicle membrane",0.999999999999808,"ATP6V0A4/ATP6V0E2/HLA-G/PIK3R4"
"endoplasmic reticulum-Golgi intermediate compartment",0.999999999999808,"CCDC115/COPZ2/LMAN2L/NUCB2/SURF4/TMEM203/YIF1A"
"ER to Golgi transport vesicle membrane",0.999999999999808,"HLA-G/PEF1/SLC30A5"
"A axonemal microtubule",0.999999999999808,"EFCAB6/NME7"
"apical junction complex",0.999999999999808,"AOC1/CAMSAP3/CDK4/LSR/MARVELD2/PARD6A/TBCD/TJP3"
"AMPA glutamate receptor complex",0.999999999999808,"ABHD6"
"MHC protein complex",0.999999999999808,"HLA-G"
"axonemal microtubule doublet inner sheath",0.999999999999808,"EFCAB6/NME7"
"RNA polymerase II transcription regulator complex",0.999999999999808,"DRAP1/GEMIN5/GTF2A2/GTF2E1/GTF2E2/MED16/MED19/MED20/MED27/MED7/MED8/MNAT1/NR5A2/PYGO2"
"extrinsic component of organelle membrane",0.999999999999808,"COQ5"
"synaptic cleft",0.999999999999808,"ACHE"
"platelet alpha granule lumen",0.999999999999808,"MAGED2/PDGFB/SCCPDH"
"external side of plasma membrane",0.999999999999808,"ACKR3/CCR7/CD248/CD27/CD3D/CD3G/CD8A/CXCR3/CXCR6/FASLG/HLA-G/IL21R/IL9R/ITGAE/KLRC2/LAG3/LIFR/NT5E/RTN4R/S1PR1/TRGC2/TRGV2/VCAM1"
"cell division site",0.999999999999808,"MEN1/RALA/TMEM250"
"SAGA complex",0.999999999999808,"SGF29"
"high-density lipoprotein particle",0.999999999999808,"APOO"
"myofilament",0.999999999999808,"TRIM32"
"filopodium",0.999999999999808,"DYNC2I2/EZR/HLA-G/MORN4/VCAM1"
"axonemal doublet microtubule",0.999999999999808,"EFCAB6/NME7"
"cytoplasmic vesicle lumen",0.999999999999808,"AOC1/APRT/C1orf35/DPP7/FASLG/GSTP1/MAGED2/OLFM4/PDGFB/PFKL/POMC/PRDX4/PSMA5/PSMD14/PTGES2/SCCPDH/SERPINI1/VAT1"
"vacuolar lumen",0.999999999999808,"ATP13A2/CHID1/CTSF/DPP7/EPDR1/FASLG/NSG1/PTGES2/VAT1"
"vesicle lumen",0.999999999999808,"AOC1/APRT/C1orf35/DPP7/FASLG/GSTP1/MAGED2/OLFM4/PDGFB/PFKL/POMC/PRDX4/PSMA5/PSMD14/PTGES2/SCCPDH/SERPINI1/VAT1"
"phagocytic cup",0.999999999999808,"CDC42SE2"
"M band",0.999999999999808,"KCTD6"
"endolysosome",0.999999999999808,"TLR3"
"SNARE complex",0.999999999999808,"SNAP47/SNX4"
"extrinsic component of cytoplasmic side of plasma membrane",0.999999999999808,"GNA14/GNG4"
"endoplasmic reticulum lumen",0.999999999999808,"ARSK/CES2/COL28A1/COL4A1/COL6A1/ERLEC1/GPX7/JMJD8/MEN1/MINPP1/PDGFB/POGLUT2/SDF2L1/SELENOM/SLC27A2/SPON1/WFS1"
"calcium channel complex",0.999999999999808,"FKBP1B/MCUB/ORAI1"
"neuronal dense core vesicle",0.999999999999808,"OXT"
"photoreceptor inner segment",0.999999999999808,"GUK1/KIFAP3/REEP6"
"early endosome membrane",0.999999999999808,"CD8B/HLA-G/HPS6/LAMP3/NSG1/PMEPA1/SNX4/SNX7/TMEM9B/ZFYVE28"
"pericentric heterochromatin",0.999999999999808,"KDM4D"
"axonal growth cone",0.999999999999808,"RTN4R"
"main axon",0.999999999999808,"NFASC/TUBB4A/UCN"
"T-tubule",0.999999999999808,"SRI/STAC"
"clathrin-coated endocytic vesicle",0.999999999999808,"CD3D/CD3G/CLTB/LDLRAP1"
"integrin complex",0.999999999999808,"ITGAE"
"cytoplasmic stress granule",0.999999999999808,"EIF2S1/ELAVL1/MCRIP1/OGFOD1"
"cleavage furrow",0.999999999999808,"MEN1/RALA"
"clathrin-coated endocytic vesicle membrane",0.999999999999808,"CD3D/CD3G/LDLRAP1"
"secretory granule lumen",0.999999999999808,"AOC1/APRT/C1orf35/DPP7/GSTP1/MAGED2/OLFM4/PDGFB/PFKL/POMC/PRDX4/PSMA5/PSMD14/PTGES2/SCCPDH/SERPINI1/VAT1"
"cell-cell contact zone",0.999999999999808,"DSP/RANGRF/YWHAH"
"membrane raft",0.999999999999808,"CD8A/EEIG1/EZR/F2R/FASLG/LCK/LDHB/ORAI1/PLPP1/PLVAP/RANGRF/RTN4R/S1PR1/STOML2/TRAF2"
"chloride channel complex",0.999999999999808,"CLIC3/CLIC5"
"microvillus membrane",0.999999999999808,"EZR"
"membrane microdomain",0.999999999999808,"CD8A/EEIG1/EZR/F2R/FASLG/LCK/LDHB/ORAI1/PLPP1/PLVAP/RANGRF/RTN4R/S1PR1/STOML2/TRAF2"
"axonemal microtubule",0.999999999999808,"EFCAB6/NME7"
"primary lysosome",0.999999999999808,"DPP7/NDUFC2/PTGES2/SURF4/SYNGR1/TMEM179B/VAT1"
"azurophil granule",0.999999999999808,"DPP7/NDUFC2/PTGES2/SURF4/SYNGR1/TMEM179B/VAT1"
"recycling endosome",0.999999999999808,"ACKR3/HLA-G/LDLRAP1/NSG1/PLEKHJ1/RAN/SCAMP3/SLC39A4/TMEM230/TUBG1"
"microvillus",0.999999999999808,"DCXR/EZR/SLC27A4/VCAM1"
"sperm principal piece",0.999999999999808,"IFT81"
"endoplasmic reticulum-Golgi intermediate compartment membrane",0.999999999999808,"COPZ2/SURF4/YIF1A"
"cell cortex region",0.999999999999808,"CLTB"
"cornified envelope",0.999999999999808,"DSP/KRT10"
"heterochromatin",0.999999999999808,"H1-4/KDM4D/SUV39H1"
"actin-based cell projection",0.999999999999808,"ABI3/CLIC5/DCXR/DYNC2I2/EPS8L2/EZR/HLA-G/MORN4/PLS1/SLC27A4/VCAM1"
"spindle pole",0.999999999999808,"AURKA/EML1/HAUS1/KATNB1/NEDD1/NUBP2/TUBG1/ZW10"
"specific granule lumen",0.999999999999808,"AOC1/OLFM4"
"sarcolemma",0.999999999999808,"COL6A1/DTNBP1/SNTA1/SRI/STAC/VCAM1"
"collagen trimer",0.999999999999808,"COL28A1/COL4A1/COL6A1"
"synaptonemal complex",0.999999999999808,"P3H4"
"ionotropic glutamate receptor complex",0.999999999999808,"ABHD6"
"glial cell projection",0.999999999999808,"EIF2S1"
"synaptonemal structure",0.999999999999808,"P3H4"
"PML body",0.999999999999808,"DAXX/RPA2/SIMC1/THAP1"
"recycling endosome membrane",0.999999999999808,"HLA-G/NSG1/SCAMP3/SLC39A4"
"A band",0.999999999999808,"KCTD6"
"motile cilium",0.999999999999808,"AK7/CAMSAP3/CD52/DEFB1/DNAI4/DYNC2LI1/EFCAB6/IFT52/IFT74/IFT81/MKKS/NME7/RAN/SSNA1/TTLL1"
"basolateral plasma membrane",0.999999999999808,"ATP6V0A4/AURKA/CADM1/DSP/ERBB3/EZR/MARVELD2/ORAI1/PDGFB/SLC26A1/SLC4A11/SLCO4A1"
"platelet alpha granule",0.999999999999808,"MAGED2/PDGFB/SCCPDH"
"azurophil granule lumen",0.999999999999808,"DPP7/PTGES2/VAT1"
"specific granule membrane",0.999999999999808,"AGPAT2/AP1M1/SLC27A2"
"neurotransmitter receptor complex",0.999999999999808,"ABHD6"
"actin filament bundle",0.999999999999808,"DIXDC1/MST1R/PLS1"
"Cul2-RING ubiquitin ligase complex",0.999999999999808,"RBX1"
"terminal bouton",0.999999999999808,"OXT"
"photoreceptor outer segment",0.999999999999808,"KIFAP3/LYAR/OPN3"
"cytosolic ribosome",0.999999999999808,"PELO/RNF14/RNF25/ZCCHC17"
"kinesin complex",0.999999999999808,"KIFAP3"
"clathrin-coated vesicle",0.999999999999808,"AP1M1/ATP6V0E2/ATP6V1F/CD3D/CD3G/CLBA1/CLTB/LDLRAP1/REEP6"
"PcG protein complex",0.999999999999808,"PCGF6"
"basal plasma membrane",0.999999999999808,"ATP6V0A4/AURKA/CADM1/DSP/ERBB3/EZR/LDLRAP1/MARVELD2/ORAI1/PDGFB/SLC26A1/SLC4A11/SLCO4A1"
"clathrin-coated pit",0.999999999999808,"ACKR3/CLTB"
"myofibril",0.999999999999808,"COL6A1/FKBP1B/GGPS1/ILK/KCTD6/SCO2/SIMC1/SRI/STUB1/TRIM32"
"actin filament",0.999999999999808,"DNAJA3/EZR/KEAP1/PLS1"
"ciliary membrane",0.999999999999808,"CLTB/TCTN3"
"secretory granule membrane",0.999999999999808,"AGPAT2/AP1M1/DSP/DYNLL1/LAMP3/NDUFC2/NFASC/RHOF/SLC27A2/SLC30A5/SRI/SURF4/SYNGR1/TMEM179B"
"cation channel complex",0.999999999999808,"ATP5F1B/ATP5F1D/ATP5MC3/ATP5ME/ATP5PF/CCDC51/FKBP1B/MCUB/ORAI1"
"adherens junction",0.999999999999808,"CAMSAP3/CCDC85B/CNN3/DSP/EZR/TBCD/TMEM204"
"protein serine/threonine phosphatase complex",0.999999999999808,"PPP2R1A"
"phosphatase complex",0.999999999999808,"PPP2R1A"
"tertiary granule lumen",0.999999999999808,"OLFM4"
"monoatomic ion channel complex",0.999999999999808,"ABHD6/ATP5F1B/ATP5F1D/ATP5MC3/ATP5ME/ATP5PF/CCDC51/CHRNA5/CHRNA6/CHRNB1/CLIC3/CLIC5/FKBP1B/MCUB/ORAI1/TMEM109"
"perikaryon",0.999999999999808,"NCDN/PTPRN/RTN4R/SERPINI1/UCN"
"contractile muscle fiber",0.999999999999808,"COL6A1/FKBP1B/GGPS1/ILK/KCTD6/SCO2/SIMC1/SRI/STUB1/TRIM32"
"stress fiber",0.999999999999808,"DIXDC1/MST1R"
"contractile actin filament bundle",0.999999999999808,"DIXDC1/MST1R"
"myosin complex",0.999999999999808,"CCDC102A"
"cytosolic large ribosomal subunit",0.999999999999808,"ZCCHC17"
"Z disc",0.999999999999808,"FKBP1B/GGPS1/SRI/STUB1"
"protein complex involved in cell adhesion",0.999999999999808,"ITGAE"
"basal part of cell",0.999999999999808,"ATP6V0A4/AURKA/CADM1/DSP/ERBB3/EZR/LDLRAP1/MARVELD2/ORAI1/PDGFB/SLC26A1/SLC4A11/SLCO4A1"
"sarcomere",0.999999999999808,"FKBP1B/GGPS1/ILK/KCTD6/SIMC1/SRI/STUB1/TRIM32"
"specific granule",0.999999999999808,"AGPAT2/AOC1/AP1M1/OLFM4/SLC27A2"
"actomyosin",0.999999999999808,"DIXDC1/MST1R"
"axon terminus",0.999999999999808,"OXT/PTPRN/UCN"
"cell cortex",0.999999999999808,"ARV1/CLIC5/CLTB/CRIP2/EXOC2/EZR/FIGNL2/GIPC1/KDF1/PARD6A/PLS1/TMEM250/TRAF2"
"tertiary granule",0.999999999999808,"DSP/DYNLL1/NFASC/OLFM4/TMEM179B"
"endocytic vesicle membrane",0.999999999999808,"ATP6V0A4/ATP6V0E2/CD3D/CD3G/HLA-G/LDLRAP1/PIK3R4"
"phagocytic vesicle",0.999999999999808,"ATP6V0A4/ATP6V0E2/HLA-G/PIK3R4"
"I band",0.999999999999808,"FKBP1B/GGPS1/SRI/STUB1"
"excitatory synapse",0.999999999999808,"YWHAH"
"acrosomal vesicle",0.999999999999808,"IFT74/SNAPIN/SPINK2/TBXA2R"
"ruffle membrane",0.999999999999808,"EPS8L2/EZR"
"tertiary granule membrane",0.999999999999808,"DYNLL1"
"Golgi lumen",0.999999999999808,"DEFB1/PDGFB"
"neuron projection terminus",0.999999999999808,"OXT/PTPRN/UCN"
"extrinsic component of plasma membrane",0.999999999999808,"GNA14/GNG4"
"GABA-ergic synapse",0.999999999999808,"ABHD6/NXPH4"
"cortical cytoskeleton",0.999999999999808,"EZR/PLS1"
"intermediate filament cytoskeleton",0.999999999999808,"BBLN/DSP/EXD2/KRT10/LDLRAP1/LMNA/NCKIPSD/PSMD10"
"cortical actin cytoskeleton",0.999999999999808,"PLS1"
"apical part of cell",0.999999999999808,"ATP6V0A4/CLIC5/DYNC2LI1/ECRG4/ERBB3/EZR/IGFBP2/MARVELD2/NEDD1/NHERF2/PARD6A/PLPP1/SLC30A5/SLC34A1/SLC39A4/SLC43A1/SLC4A11/TUBG1/VCAM1"
"sperm flagellum",0.999999999999808,"CD52/DEFB1/EFCAB6/IFT81/NME7/RAN"
"postsynaptic membrane",0.999999999999808,"ABHD6/CHRNA5/CHRNA6/CHRNB1/DNAJA3/DTNBP1/F2R/LRFN2/NSG1/SIGMAR1/SNTA1"
"extrinsic component of membrane",0.999999999999808,"COQ5/GNA14/GNG4/PIK3R4"
"growth cone",0.999999999999808,"DTNBP1/KATNB1/RTN4R/SIGMAR1"
"focal adhesion",0.999999999999808,"ARL2/CD99/CNN3/DIXDC1/EZR/HACD3/ILK/LAYN/LPXN/MAPRE2/NFASC/NHERF2/RALA/RRAS/YWHAQ/ZFYVE21"
"intermediate filament",0.999999999999808,"BBLN/DSP/KRT10/LDLRAP1/LMNA/NCKIPSD"
"apical plasma membrane",0.999999999999808,"ATP6V0A4/CLIC5/ECRG4/ERBB3/EZR/IGFBP2/MARVELD2/NHERF2/PARD6A/PLPP1/SLC30A5/SLC34A1/SLC39A4/SLC43A1/SLC4A11"
"site of polarized growth",0.999999999999808,"DTNBP1/KATNB1/RTN4R/SIGMAR1"
"immunoglobulin complex",0.999999999999808,"TMIGD2/TRAV14DV4/TRAV19/TRAV38-1"
"cell-substrate junction",0.999999999999808,"ARL2/CD99/CNN3/DIXDC1/EZR/HACD3/ILK/LAYN/LPXN/MAPRE2/NFASC/NHERF2/RALA/RRAS/YWHAQ/ZFYVE21"
"lamellipodium",0.999999999999808,"ABI3/FAM89B/ILK/PHPT1/RNH1"
"keratin filament",0.999999999999808,"KRT10"
"postsynaptic density membrane",0.999999999999808,"LRFN2/SIGMAR1"
"dendritic spine",0.999999999999808,"ABI3/DTNBP1/GIPC1/ZDHHC12"
"neuron spine",0.999999999999808,"ABI3/DTNBP1/GIPC1/ZDHHC12"
"9+2 motile cilium",0.999999999999808,"CD52/DEFB1/EFCAB6/IFT81/NME7/RAN"
"postsynaptic specialization membrane",0.999999999999808,"CHRNB1/LRFN2/SIGMAR1"
"ruffle",0.999999999999808,"EPS8L2/EZR/LAYN/PARD6A"
"potassium channel complex",0.999999999999808,"CCDC51"
"blood microparticle",0.999999999999808,"HBA2/KDM4D"
"synaptic membrane",0.999999999999808,"ABHD6/CHRNA5/CHRNA6/CHRNB1/CLTB/DNAJA3/DTNBP1/F2R/IGSF8/LRFN2/NDUFS7/NSG1/RALA/SIGMAR1/SNTA1"
"neuron to neuron synapse",0.999999999999808,"ABI3/AURKA/CADM1/DTNBP1/IGSF8/LRFN2/NCS1/PCBP1/PRKAR1B/RUSC1/SHARPIN/SIGMAR1/YWHAH"
"distal axon",0.999999999999808,"DTNBP1/KATNB1/OXT/PTPRN/RTN4R/SIGMAR1/UCN"
"asymmetric synapse",0.999999999999808,"ABI3/AURKA/CADM1/DTNBP1/LRFN2/NCS1/PCBP1/RUSC1/SHARPIN/SIGMAR1/YWHAH"
"endocytic vesicle",0.999999999999808,"ATP6V0A4/ATP6V0E2/CD3D/CD3G/CLTB/HBA2/HLA-G/LDLRAP1/PIK3R4/RALA"
"postsynaptic density",0.999999999999808,"ABI3/AURKA/CADM1/DTNBP1/LRFN2/NCS1/PCBP1/RUSC1/SHARPIN/SIGMAR1"
"presynaptic membrane",0.999999999999808,"CHRNA6/CLTB/IGSF8"
"postsynaptic specialization",0.999999999999808,"ABI3/AURKA/CADM1/CHRNB1/DTNBP1/LRFN2/NCS1/PCBP1/RUSC1/SHARPIN/SIGMAR1"
"cell projection membrane",0.999999999999808,"ATP6V0A4/CLTB/EPS8L2/EZR/HLA-G/MFSD10/SLC27A4/SLC34A1/TCTN3"
"collagen-containing extracellular matrix",0.999999999999808,"ACHE/COL28A1/COL4A1/COL6A1/CTSF/FBLN5/GDF10/MXRA7/NAV2/PDGFB/RELL2/SPON1"
"cell leading edge",0.999999999999808,"ABI3/EPS8L2/EZR/FAM89B/FIGNL2/ILK/KDF1/LAYN/PARD6A/PHPT1/RNH1/TUBG1"
"leading edge membrane",0.999999999999808,"EPS8L2/EZR"
"RISC complex",0.999999999999808,"TARBP2"
"RNAi effector complex",0.999999999999808,"TARBP2"
